客户名称,Recency,数量,销售额,R,F,M,RFM
丁君,1810 days,20,5236.924,3,0,0,300
丁妮,1725 days,68,32163.18,2,3,3,233
丁娇,1685 days,47,14108.444,1,2,2,122
丁婵,1690 days,12,2854.012,2,0,0,200
丁崆,1858 days,41,18581.36,4,2,2,422
丁武,1629 days,23,9480.492,0,0,1,001
丁蔓楚,2165 days,54,32442.451999999997,4,3,3,433
万兰,1698 days,40,12837.720000000001,2,2,1,221
万冬露,1747 days,60,21343.56,3,3,2,332
万刚,1754 days,26,4965.128,3,0,0,300
万莞颖,1793 days,53,19507.74,3,3,2,332
万虹,1647 days,44,21633.948,0,2,3,023
万达侠,2010 days,49,48822.074,4,2,4,424
严强,1712 days,12,1331.092,2,0,0,200
严恒,1698 days,66,11708.844,2,3,1,231
严珑,1676 days,38,25246.725,1,1,3,113
严盛,1751 days,43,22981.559999999998,3,2,3,323
严聪,1697 days,48,22080.604,2,2,3,223
严诚,1730 days,26,13023.332,2,0,1,201
付丽,1680 days,48,14672.84,1,2,2,122
付惠,2004 days,29,11178.72,4,1,1,411
付松,1940 days,55,34682.536,4,3,4,434
付涛,1683 days,39,11069.66,1,1,1,111
付立,1850 days,70,26259.016,3,4,3,343
付聪,2004 days,14,4846.464,4,0,0,400
付芳茵,1892 days,40,10068.856,4,2,1,421
付荣,1638 days,49,25243.456000000002,0,2,3,023
付霖,1629 days,23,13717.704,0,0,1,001
任临耀,1640 days,38,11292.876,0,1,1,011
任婵娟,1725 days,120,55014.96,2,4,4,244
任实,1881 days,62,40937.568,4,3,4,434
任杰,1860 days,58,23950.22,4,3,3,433
任梅,1711 days,45,16415.336,2,2,2,222
任灵,1649 days,27,8835.708,0,1,1,011
何娇,1717 days,16,19325.488,2,0,2,202
何安,1674 days,38,12272.708,1,1,1,111
何惠,1631 days,127,68061.532,0,4,4,044
何晨,1810 days,29,11083.212,3,1,1,311
何根基,1724 days,35,29803.451999999997,2,1,3,213
何芯,1789 days,26,11052.16,3,0,1,301
何虢,2066 days,31,2280.404,4,1,0,410
佘丽,1786 days,35,21851.508,3,1,3,313
佘凤,1620 days,104,57810.697,0,4,4,044
佘升,1843 days,65,23859.388,3,3,3,333
佘宁,1828 days,54,31795.064,3,3,3,333
佘巧,1626 days,31,9639.84,0,1,1,011
佘平,1857 days,99,49782.348,4,4,4,444
佘彩,1794 days,30,3535.84,3,1,0,310
佘莲,1807 days,47,30386.496,3,2,3,323
佘虢,1830 days,38,36264.928,3,1,4,314
余丽娜,1984 days,42,20986.532,4,2,2,422
余凤,1684 days,59,27805.666,1,3,3,133
余婵,1622 days,108,27079.024,0,4,3,043
余嫒,1761 days,64,26449.724,3,3,3,333
余德,1916 days,57,14008.624,4,3,1,431
余晨,1864 days,24,25996.516,4,0,3,403
余毅,1647 days,65,11488.596,0,3,1,031
余舟,1818 days,37,15513.288,3,1,2,312
余雯,2004 days,29,12532.743999999999,4,1,1,411
佟丽娜,1761 days,22,9636.34,3,0,1,301
佟崆,1745 days,43,22425.312,3,2,3,323
佟斯云,2403 days,26,6289.5,4,0,0,400
佟虹,1681 days,49,9414.02,1,2,1,121
侯虹,1668 days,33,27106.968,1,1,3,113
俞丹,1723 days,61,20027.896,2,3,2,232
俞平,1697 days,32,7174.692,2,1,0,210
俞明,2067 days,47,33943.588,4,2,4,424
俞晒明,1695 days,55,9347.38,2,3,1,231
俞毅,1676 days,66,39482.072,1,3,4,134
俞荷,1648 days,53,7290.388,0,3,0,030
俞蔓楚,1726 days,61,35665.392,2,3,4,234
候武,1681 days,8,615.02,1,0,0,100
倪乐,1996 days,52,27199.9,4,2,3,423
倪幂,1664 days,60,17332.28,1,3,2,132
倪爽,1628 days,75,36649.606,0,4,4,044
倪芬,1748 days,58,27224.694,3,3,3,333
傅晨,1804 days,54,15192.352,3,3,2,332
冯丽,1755 days,15,6781.7119999999995,3,0,0,300
冯丽丽,1626 days,108,41012.468,0,4,4,044
冯乐,1935 days,17,5110.616,4,0,0,400
冯娜,2006 days,85,23378.292,4,4,3,443
冯婷,1741 days,52,39933.096,2,2,4,224
冯巧,1670 days,25,9450.756,1,0,1,101
冯松,1946 days,38,16048.06,4,1,2,412
冯立,1634 days,66,29329.216,0,3,3,033
冯莲,1643 days,37,11135.992,0,1,1,011
冯青,1725 days,40,17398.528,2,2,2,222
刘乐,1667 days,43,18193.0,1,2,2,122
刘婵,1669 days,112,52147.732,1,4,4,144
刘斯云,1716 days,71,32119.892,2,4,3,243
刘明,1697 days,124,68737.228,2,4,4,244
刘立,1916 days,94,28229.376,4,4,3,443
卢伟,1649 days,41,7326.732,0,2,0,020
卢壁,1640 days,49,20799.408,0,2,2,022
卢欢悦,1853 days,38,18400.018,4,1,2,412
卢淑芳,2124 days,26,4717.16,4,0,0,400
卢爽,2207 days,9,7143.4439999999995,4,0,0,400
卢芳,1649 days,64,15830.920000000002,0,3,2,032
卢谙,1757 days,91,54291.636,3,4,4,344
叶实,1629 days,49,29059.632,0,2,3,023
叶柏,1825 days,59,19173.363999999998,3,3,2,332
叶琪,1786 days,35,24568.572,3,1,3,313
叶立勤,1634 days,22,10199.035,0,0,1,001
叶莲,1635 days,23,14473.76,0,0,2,002
吕丽,1643 days,6,4753.14,0,0,0,000
吕兰,1671 days,61,17851.722,1,3,2,132
吕关茵,1731 days,69,30761.668,2,4,3,243
吕凤,2027 days,14,1285.2839999999999,4,0,0,400
吕君,1829 days,58,15887.956,3,3,2,332
吕婵娟,1845 days,34,17072.16,3,1,2,312
吕欢悦,1664 days,93,23850.428,1,4,3,143
吕灵,1696 days,97,57040.452,2,4,4,244
吴磊,1776 days,89,38949.288,3,4,4,344
周冬露,2536 days,9,1848.6999999999998,4,0,0,400
周康,1817 days,75,21388.731,3,4,2,342
周木兰,1636 days,26,3640.728,0,0,0,000
周柏,1634 days,64,23654.568,0,3,3,033
周诚,1688 days,92,56403.619999999995,2,4,4,244
唐凤,2177 days,29,10364.872,4,1,1,411
唐婉,1852 days,60,17410.316,3,3,2,332
唐宁,1691 days,34,12968.284,2,1,1,211
唐安,1706 days,79,45026.856,2,4,4,244
唐忠,1650 days,127,44336.6,0,4,4,044
唐木兰,1914 days,9,613.76,4,0,0,400
唐栋,1975 days,80,39435.032,4,4,4,444
唐欢悦,1683 days,31,9161.235999999999,1,1,1,111
唐爽,1633 days,68,26604.507999999998,0,3,3,033
唐蔓楚,2947 days,21,47540.115,4,0,4,404
夏光,1769 days,38,11791.038,3,1,1,311
夏娜,2550 days,7,4040.6800000000003,4,0,0,400
夏平,1653 days,24,5638.528,1,0,0,100
夏彩,2069 days,46,13180.286,4,2,1,421
夏惠英,1786 days,65,35395.976,3,3,4,334
夏明媚,1769 days,68,28379.953,3,3,3,333
夏松,2468 days,29,5830.02,4,1,0,410
夏柏,1692 days,40,18528.818,2,2,2,222
夏梦,1646 days,18,3322.8999999999996,0,0,0,000
夏芯,1652 days,57,22262.583,1,3,3,133
姚凤,1864 days,45,18242.728,4,2,2,422
姚彩,1866 days,47,44901.584,4,2,4,424
姚柏,1735 days,26,8506.12,2,0,0,200
姚秋,1667 days,33,7387.912,1,1,0,110
孔关茵,1635 days,40,17443.86,0,2,2,022
孔松,1666 days,43,10100.02,1,2,1,121
孔辉,1640 days,37,13030.136,0,1,1,011
孙壁,1723 days,54,14219.072,2,3,2,232
孙斯云,1656 days,60,17877.327999999998,1,3,2,132
孙梦,2053 days,50,30094.932,4,2,3,423
孙荷,1694 days,53,34189.372,2,3,4,234
孙诚,1723 days,78,29942.976,2,4,3,243
孙谙,1811 days,41,17333.89,3,2,2,322
孙辉,1688 days,27,10699.220000000001,2,1,1,211
孙雯,1744 days,38,13036.744,2,1,1,211
孟伟,1764 days,38,16753.744000000002,3,1,2,312
孟刚,1660 days,87,33202.68,1,4,4,144
孟斯云,1633 days,53,23180.416,0,3,3,033
孟珊,1691 days,30,16739.716,2,1,2,212
孟虢,1669 days,46,17534.02,1,2,2,122
宋忠,1698 days,33,8825.488,2,1,1,211
宋栋,1713 days,44,17438.904000000002,2,2,2,222
宋立,1668 days,81,35020.356,1,4,4,144
宋良,1625 days,92,39627.28,0,4,4,044
封乐,1730 days,77,36418.676,2,4,4,244
尹凤,1626 days,42,15224.44,0,2,2,022
巩光,1816 days,81,32984.476,3,4,4,344
巩关茵,1669 days,112,38048.724,1,4,4,144
巩凤,1641 days,17,1865.6680000000001,0,0,0,000
巩嘉丽,1767 days,25,7127.987999999999,3,0,0,300
巩嫒,1631 days,82,16720.788,0,4,2,042
巩安,1898 days,13,6092.632,4,0,0,400
巩廉,1660 days,28,15267.560000000001,1,1,2,112
巩德,1657 days,78,22783.586,1,4,3,143
巩明媚,1628 days,18,10093.776,0,0,1,001
巩晒明,1887 days,58,10659.124,4,3,1,431
巩松,1666 days,18,7252.98,1,0,0,100
巩珑,1655 days,57,28379.82,1,3,3,133
巩荣,1688 days,57,15014.467999999999,2,3,2,232
巩荷,2087 days,46,15879.836,4,2,2,422
巩虢,1813 days,52,25984.896,3,2,3,323
巩辉,1838 days,69,37623.012,3,4,4,344
巩达侠,1737 days,73,27968.023999999998,2,4,3,243
常丽华,1634 days,74,32012.316,0,4,3,043
常光,1650 days,50,12465.012,0,2,1,021
常刚,1620 days,68,39758.026,0,3,4,034
常升,1646 days,111,32748.996,0,4,4,044
常君,1710 days,37,17435.208000000002,2,1,2,212
常宣,1629 days,65,20763.708,0,3,2,032
常崆,1815 days,20,6670.664,3,0,0,300
常康,1664 days,51,15937.411,1,2,2,122
常惠英,1661 days,22,5641.412,1,0,0,100
常明媚,1773 days,58,15766.8,3,3,2,332
常松,1669 days,19,7879.816,1,0,0,100
常盛,1642 days,54,15815.716,0,3,2,032
常黎明,1996 days,26,12142.2,4,0,1,401
庄丹,1999 days,13,2351.328,4,0,0,400
庄伟,1716 days,110,34436.304,2,4,4,244
庄菊,1905 days,8,2497.04,4,0,0,400
康丽,1696 days,121,47734.708,2,4,4,244
康娇,1710 days,75,38343.676,2,4,4,244
康青,1747 days,50,20845.188,3,2,2,322
廖乐,1733 days,43,23659.846,2,2,3,223
廖保,1765 days,93,37842.868,3,4,4,344
廖宣,1677 days,85,25813.956000000002,1,4,3,143
廖松,1836 days,25,19289.06,3,0,2,302
廖珊,1726 days,50,14923.104,2,2,2,222
廖立,1626 days,45,17079.384000000002,0,2,2,022
彭丽美,1796 days,4,499.33799999999997,3,0,0,300
彭丽雪,1684 days,72,18863.6,1,4,2,142
彭伟,1713 days,132,43896.048,2,4,4,244
彭博,1633 days,101,44515.884,0,4,4,044
彭娜,1684 days,80,63495.124,1,4,4,144
彭婉,1656 days,34,10820.628,1,1,1,111
彭安,2067 days,18,3729.6,4,0,0,400
彭彩,2859 days,16,6726.972000000001,4,0,0,400
彭欢,1649 days,50,20088.796000000002,0,2,2,022
彭琼,1723 days,17,8565.172,2,0,0,200
彭绅,1654 days,76,33370.708,1,4,4,144
彭虹,1648 days,31,11066.776,0,1,1,011
彭雯,1857 days,55,42753.83,4,3,4,434
徐丽丽,1694 days,17,6218.5199999999995,2,0,0,200
徐伟,1650 days,17,4281.564,0,0,0,000
徐健,1842 days,24,20071.212,3,0,2,302
徐关茵,1948 days,81,41628.972,4,4,4,444
徐君,1727 days,51,33110.196,2,2,4,224
徐嘉丽,1990 days,22,12039.748,4,0,1,401
徐婵,1742 days,76,82895.26,2,4,4,244
徐婵娟,2116 days,11,529.2,4,0,0,400
徐安,1746 days,28,15880.648,3,1,2,312
徐岱,1753 days,50,14547.372,3,2,2,322
徐杰,1804 days,33,9457.0,3,1,1,311
徐芬,1709 days,20,10161.423999999999,2,0,1,201
徐荷,2221 days,19,6473.068,4,0,0,400
徐莲,1751 days,18,3170.076,3,0,0,300
徐菊,1634 days,63,26632.06,0,3,3,033
徐蔓楚,1893 days,25,3120.6,4,0,0,400
徐虎,1698 days,47,17968.86,2,2,2,222
徐虢,2035 days,90,43772.736,4,4,4,444
徐虹,1786 days,57,37727.886,3,3,4,334
徐谙,1720 days,77,22657.796000000002,2,4,3,243
徐黎明,1662 days,42,25004.896,1,2,3,123
戴壁,1656 days,31,13437.2,1,1,1,111
戴康,1880 days,81,38785.25,4,4,4,444
戴松,1756 days,46,13450.724,3,2,1,321
戴武,1732 days,19,4772.46,2,0,0,200
戴珑,1737 days,51,17505.404000000002,2,2,2,222
戴立,1669 days,39,15175.160000000002,1,1,2,112
戴虎,1732 days,43,13687.24,2,2,1,221
方惠,1807 days,55,38981.936,3,3,4,334
方栋,1724 days,42,24272.22,2,2,3,223
方蔓楚,1633 days,33,6774.796,0,1,0,010
施丽丽,1640 days,42,27776.168,0,2,3,023
施奇,1634 days,64,35068.852,0,3,4,034
施平,1727 days,42,15972.124,2,2,2,222
施强,1710 days,26,8197.504,2,0,0,200
施旺,1627 days,32,17248.532,0,1,2,012
施梦,1893 days,29,11566.926,4,1,1,411
施立伟,1781 days,67,25939.942,3,3,3,333
施良,1852 days,63,18675.832,3,3,2,332
施莲,1906 days,17,3904.18,4,0,0,400
施菊,1674 days,53,27143.34,1,3,3,133
施黎明,1671 days,52,22270.22,1,2,3,123
曹丽,1702 days,47,16869.86,2,2,2,222
曹丽娜,2109 days,24,11290.104,4,0,1,401
曹伟,1720 days,66,16036.58,2,3,2,232
曹冬露,1629 days,102,42437.164,0,4,4,044
曹娜,2540 days,55,24668.21,4,3,3,433
曹柏,1939 days,25,10851.539999999999,4,0,1,401
曹欢悦,1626 days,70,27683.348,0,4,3,043
曹灵,1669 days,106,33157.334,1,4,4,144
曹琼,1640 days,67,20985.72,0,3,2,032
曹诚,2317 days,2,2037.168,4,0,0,400
曹达侠,1687 days,49,11113.928,1,2,1,121
曹鹏,1622 days,27,9870.952000000001,0,1,1,011
曾伟,1915 days,46,27336.4,4,2,3,423
曾岱,1671 days,45,21469.336,1,2,2,122
曾幂,1620 days,37,11313.68,0,1,1,011
曾康,1662 days,52,16526.048,1,2,2,122
曾惠,1856 days,19,9233.055999999999,4,0,1,401
曾辉,1636 days,37,10961.272,0,1,1,011
曾锦,1620 days,23,2561.6079999999997,0,0,0,000
朱丽丽,1656 days,56,31096.758,1,3,3,133
李丽丽,1678 days,61,36104.208,1,3,4,134
李康,1646 days,99,48540.296,0,4,4,044
李彩,1701 days,65,27439.3,2,3,3,233
李莲,1692 days,18,4654.86,2,0,0,200
李蔓楚,1704 days,67,32748.968,2,3,4,234
李谙,1632 days,32,11387.124,0,1,1,011
李雯,2318 days,6,2831.136,4,0,0,400
李黎明,1807 days,36,12642.504,3,1,1,311
杨健,1646 days,80,23628.57,0,4,3,043
杨德伟,2027 days,25,12043.331999999999,4,0,1,401
杨晨,1781 days,40,17895.528000000002,3,2,2,322
杨栋,1657 days,36,13734.294,1,1,1,111
杨欢,1835 days,67,23280.908,3,3,3,333
杨立勤,1695 days,84,29710.94,2,4,3,243
杨诚,1668 days,49,33598.11,1,2,4,124
林丹,1640 days,46,15810.032,0,2,2,022
林关茵,1624 days,51,14104.944,0,2,1,021
林凤,1660 days,16,6697.152,1,0,0,100
林康,1695 days,39,15735.3,2,1,2,212
林廉,1984 days,9,3254.0200000000004,4,0,0,400
林德伟,1754 days,68,22594.824,3,3,3,333
林磊,1657 days,64,16920.204,1,3,2,132
林谙,1681 days,32,8726.312,1,1,0,110
林谦,1790 days,53,13377.98,3,3,1,331
林青,1620 days,67,39782.036,0,3,4,034
柯丽,1820 days,36,23686.18,3,1,3,313
柯娜,1627 days,52,9683.716,0,2,1,021
柯婵,1654 days,61,58437.708,1,3,4,134
柯婷,1683 days,45,5848.472,1,2,0,120
柯巧,1720 days,14,3178.0,2,0,0,200
柯强,1830 days,54,28520.065000000002,3,3,3,333
柳明,1678 days,89,31762.948,1,4,3,143
梁婵娟,1744 days,4,1086.288,2,0,0,200
梁安,1654 days,67,21023.016,1,3,2,132
梁梦,1688 days,36,31577.14,2,1,3,213
楚丽丽,2029 days,76,32170.936,4,4,3,443
楚伟,1881 days,43,24018.127,4,2,3,423
楚娟,1782 days,35,9403.24,3,1,1,311
楚宣,1694 days,72,32372.452,2,4,3,243
楚杰,1674 days,56,5777.352,1,3,0,130
楚松,1945 days,20,16743.818,4,0,2,402
楚聪,1638 days,33,10113.488000000001,0,1,1,011
楚虢,1829 days,26,19986.260000000002,3,0,2,302
樊彩,1662 days,53,12956.831999999999,1,3,1,131
武廉,2428 days,34,10949.54,4,1,1,411
武廷,1667 days,31,12248.768,1,1,1,111
武明媚,1688 days,57,42348.782,2,3,4,234
武杰,1932 days,63,68112.016,4,3,4,434
武欢,1662 days,76,28080.304,1,4,3,143
武磊,1764 days,15,3498.824,3,0,0,300
段强,1871 days,77,23208.808,4,4,3,443
段杰,1695 days,39,12122.46,2,1,1,211
殷丽雪,1634 days,45,17051.86,0,2,2,022
殷保,1724 days,37,18696.244,2,1,2,212
殷凤,1860 days,77,24684.968,4,4,3,443
殷宣,1684 days,54,35259.84,1,3,4,134
殷崆,1800 days,64,33581.520000000004,3,3,4,334
殷康,2376 days,16,4486.523999999999,4,0,0,400
殷昌,1836 days,85,33123.174,3,4,4,344
殷涛,2178 days,3,143.388,4,0,0,400
殷珑,1727 days,29,9625.14,2,1,1,211
殷莲,1713 days,47,19600.489999999998,2,2,2,222
殷菊,1651 days,52,19456.416,1,2,2,122
毛丽美,1681 days,85,53452.588,1,4,4,144
毛保,1989 days,45,20782.552,4,2,2,422
毛刚,1742 days,50,9343.6,2,2,1,221
毛升,2179 days,15,9693.655999999999,4,0,1,401
毛庆缘,1748 days,5,2160.06,3,0,0,300
毛芯,2009 days,29,13545.868,4,1,1,411
汤欢悦,1627 days,21,4424.252,0,0,0,000
沈光,2003 days,52,13208.335,4,2,1,421
沈婷,2310 days,26,18674.124,4,0,2,402
沈强,1867 days,29,4316.256,4,1,0,410
沈彩,1663 days,70,34620.572,1,4,4,144
沈聪,1730 days,38,5557.524,2,1,0,210
沈虢,1627 days,16,3750.4320000000002,0,0,0,000
洪光,1758 days,33,9947.98,3,1,1,311
洪华,1692 days,29,8898.54,2,1,1,211
洪康,1816 days,52,21539.924,3,2,2,322
洪强,1620 days,68,24508.596,0,3,3,033
洪梦,1692 days,65,29296.316,2,3,3,233
洪毅,1843 days,80,38331.293,3,4,4,344
洪辉,1768 days,31,7221.900000000001,3,1,0,310
洪黎明,1673 days,83,45570.196,1,4,4,144
涂丽,1657 days,78,66122.448,1,4,4,144
涂伟,1627 days,53,25114.865999999998,0,3,3,033
涂博,1675 days,67,22369.032,1,3,3,133
涂安,1824 days,74,29894.872,3,4,3,343
涂强,1677 days,26,19012.812,1,0,2,102
涂德伟,1713 days,26,16508.205,2,0,2,202
涂珑,1716 days,76,46933.068,2,4,4,244
涂辉,1681 days,45,12793.76,1,2,1,121
潘丽美,1641 days,57,26384.008,0,3,3,033
潘健,1796 days,53,19373.088,3,3,2,332
潘凤,1844 days,12,1519.1399999999999,3,0,0,300
潘博,1674 days,19,5877.62,1,0,0,100
潘彩,1646 days,23,7898.603999999999,0,0,0,000
潘惠,1816 days,55,22999.116,3,3,3,333
潘涛,1850 days,92,33635.014,3,4,4,344
潘琼,1653 days,22,13621.888,1,0,1,101
潘盛,1620 days,67,44413.278,0,3,4,034
潘磊,1675 days,18,7263.508,1,0,0,100
潘舟,1879 days,32,7533.932,4,1,0,410
潘荷,1733 days,111,59418.534,2,4,4,244
潘莞颖,2009 days,27,14076.916,4,1,1,411
潘谙,2089 days,36,19404.616,4,1,2,412
潘锦,1692 days,47,12693.967999999999,2,2,1,221
潘雯,2083 days,50,12115.404,4,2,1,421
熊临耀,2124 days,30,3858.176,4,1,0,410
熊丽,1836 days,29,20510.336,3,1,2,312
熊光,1701 days,71,23697.1,2,4,3,243
熊宣,1628 days,30,18716.208,0,1,2,012
熊晨,1650 days,22,9507.54,0,0,1,001
熊荣,1653 days,28,14739.171999999999,1,1,2,112
牛德伟,2037 days,34,10117.436,4,1,1,411
牛惠,1898 days,109,50661.015999999996,4,4,4,444
牛晒明,1642 days,66,18793.712,0,3,2,032
牛黎明,1632 days,76,42637.056,0,4,4,044
王丹,1620 days,76,27189.82,0,4,3,043
王嘉丽,1835 days,23,7398.523999999999,3,0,0,300
王庆缘,1620 days,18,4502.372,0,0,0,000
王敬,1633 days,33,7078.876,0,1,0,010
王立勤,1816 days,50,29841.56,3,2,3,323
王辉,1845 days,43,33924.548,3,2,4,324
王霖,1677 days,33,8432.032,1,1,0,110
田临耀,1818 days,13,4595.92,3,0,0,300
田丹,1694 days,65,19454.568,2,3,2,232
田丽娜,1807 days,18,10359.538,3,0,1,301
田丽美,1636 days,48,13391.28,0,2,1,021
田妮,1634 days,20,9930.032,0,0,1,001
田安,1647 days,18,6975.78,0,0,0,000
田武,1643 days,41,11289.628,0,2,1,021
田江丽,1656 days,69,42368.473,1,4,4,144
田淑芳,1694 days,19,7528.668000000001,2,0,0,200
田磊,1782 days,95,77369.334,3,4,4,344
田立,1678 days,25,11050.62,1,0,1,101
田良,1858 days,37,18417.924,4,1,2,412
田诚,1646 days,27,8389.164,0,1,0,010
田谙,1620 days,117,49052.92,0,4,4,044
田黎明,1862 days,31,9880.164,4,1,1,411
白婵,1621 days,75,27909.728,0,4,3,043
白德伟,1668 days,56,19717.376,1,3,2,132
白忠,1808 days,112,56128.394,3,4,4,344
白斯云,1699 days,76,20291.208,2,4,2,242
白松,1820 days,42,17431.092,3,2,2,322
白栋,2096 days,20,4091.4719999999998,4,0,0,400
白欢,1726 days,71,12646.508,2,4,1,241
白立,1905 days,16,7953.12,4,0,0,400
白立荣,1859 days,45,13342.196,4,2,1,421
白聪,2215 days,26,18788.672,4,0,2,402
白锦,1727 days,35,24118.864,2,1,3,213
白鹄,1626 days,97,45223.108,0,4,4,044
秦乐,1699 days,19,6720.42,2,0,0,200
秦刚,1682 days,83,38163.048,1,4,4,144
秦君,1820 days,66,27240.444,3,3,3,333
秦宁,1682 days,59,17814.104,1,3,2,132
秦梦,1787 days,26,7131.18,3,0,0,300
秦淑芳,1635 days,96,56986.174,0,4,4,044
秦芯,1682 days,45,39394.257,1,2,4,124
秦蔓楚,1627 days,51,27472.907,0,2,3,023
秦诚,1647 days,50,16651.404,0,2,2,022
秦黎明,1723 days,53,25775.203999999998,2,3,3,233
程宁,1800 days,42,34572.636,3,2,4,324
程安,1705 days,74,34657.476,2,4,4,244
程德,1995 days,26,7200.76,4,0,0,400
程根基,1745 days,26,6814.360000000001,3,0,0,300
程欢悦,1684 days,32,4811.24,1,1,0,110
程聪,1649 days,47,20679.848,0,2,2,022
程蔓楚,1717 days,53,11618.18,2,3,1,231
程雯,1819 days,31,17218.739999999998,3,1,2,312
罗君,1810 days,73,18563.132,3,4,2,342
罗婵,1657 days,32,17239.292,1,1,2,112
罗嫒,1624 days,68,42256.801999999996,0,3,4,034
罗安,1682 days,26,12169.416000000001,1,0,1,101
罗平,2807 days,3,200.76,4,0,0,400
罗昌,1654 days,36,8550.052,1,1,0,110
罗琼,1660 days,48,13027.0,1,2,1,121
罗霖,1769 days,82,36226.064,3,4,4,344
肖保,1893 days,79,32850.412,4,4,4,444
肖冬露,1785 days,28,17219.076,3,1,2,312
肖壁,1676 days,21,11155.76,1,0,1,101
肖岱,1767 days,35,10698.184000000001,3,1,1,311
肖崆,1674 days,74,33150.292,1,4,4,144
肖良,1692 days,74,26040.574,2,4,3,243
肖菊,1632 days,45,10955.405999999999,0,2,1,021
胡临耀,2181 days,11,2300.8999999999996,4,0,0,400
胡凤,1667 days,60,43998.64,1,3,4,134
胡宣,2053 days,25,6921.068,4,0,0,400
胡晨,1759 days,14,4740.036,3,0,0,300
胡锦,1914 days,36,11928.784,4,1,1,411
苏冬露,1624 days,54,11321.94,0,3,1,031
苏升,1643 days,40,8245.608,0,2,0,020
苏姝,1710 days,61,25788.28,2,3,3,233
苏婵娟,1629 days,37,8429.82,0,1,0,010
苏晒明,1669 days,89,46358.116,1,4,4,144
苏江丽,1642 days,31,6214.712,0,1,0,010
苏涛,1655 days,41,18049.136,1,2,2,122
苏磊,1982 days,90,40603.64,4,4,4,444
范刚,1655 days,75,64604.512,1,4,4,144
范娜,1652 days,47,18328.296000000002,1,2,2,122
范宁,1768 days,26,21548.324,3,0,3,303
范彩,1683 days,84,36014.538,1,4,4,144
范恒,1620 days,31,11600.54,0,1,1,011
范晒明,1914 days,54,18411.12,4,3,2,432
范立荣,1849 days,15,10321.583999999999,3,0,1,301
范谙,1787 days,32,16142.882,3,1,2,312
范雯,1801 days,60,41190.513,3,3,4,334
葛乐,1639 days,20,5765.06,0,0,0,000
葛彩,1703 days,77,34010.41,2,4,4,244
葛欢,1698 days,70,25501.224,2,4,3,243
葛毅,1680 days,49,28809.76,1,2,3,123
葛蔓楚,1755 days,62,24501.203999999998,3,3,3,333
蒋光,1699 days,92,53940.404,2,4,4,244
蒋冬露,2054 days,22,5756.407999999999,4,0,0,400
蒋安,1850 days,45,17243.688000000002,3,2,2,322
蒋宣,1720 days,35,14681.604000000001,2,1,2,212
蒋雯,1648 days,12,6117.272000000001,0,0,0,000
蔡安,1844 days,53,27492.528,3,3,3,333
蔡晨,1680 days,27,8329.552,1,1,0,110
蔡梦,1723 days,17,5985.168,2,0,0,200
蔡菊,1842 days,46,14410.452,3,2,2,322
薛健,1642 days,37,15792.14,0,1,2,012
薛光,1722 days,39,9376.808,2,1,1,211
薛关茵,1642 days,104,47104.988000000005,0,4,4,044
薛博,1773 days,46,10938.956,3,2,1,321
薛君,1621 days,99,27337.688000000002,0,4,3,043
薛娇,2017 days,50,11354.392,4,2,1,421
薛婷,1824 days,49,30950.024,3,2,3,323
薛庆缘,1667 days,15,2304.736,1,0,0,100
薛强,1636 days,45,39025.98,0,2,4,024
薛柏,1709 days,37,10845.625,2,1,1,211
薛梦,1730 days,70,34212.08,2,4,4,244
薛武,1775 days,20,8585.108,3,0,0,300
薛磊,1653 days,44,25135.068,1,2,3,123
薛立伟,1959 days,47,24630.564,4,2,3,423
薛芳,2142 days,30,8070.0199999999995,4,1,0,410
薛荷,1726 days,27,8766.044,2,1,0,210
袁临耀,2025 days,30,32608.212000000003,4,1,4,414
袁丽华,1779 days,92,20736.744,3,4,2,342
袁丽娜,1760 days,35,22244.628,3,1,3,313
袁丽美,1829 days,22,11138.54,3,0,1,301
袁保,1870 days,52,10547.852,4,2,1,421
袁关茵,1655 days,17,6782.804,1,0,0,100
袁岱,2088 days,51,34883.352,4,2,4,424
袁平,1626 days,50,23289.811999999998,0,2,3,023
袁康,1982 days,22,11969.439999999999,4,0,1,401
袁廷,2859 days,8,6625.219999999999,4,0,0,400
袁德,1661 days,66,24997.504,1,3,3,133
袁敬,1722 days,14,7473.592,2,0,0,200
袁松,1706 days,95,33856.69,2,4,4,244
袁栋,1946 days,57,34886.495,4,3,4,434
袁梅,1625 days,67,27309.52,0,3,3,033
袁荣,1852 days,34,11173.596,3,1,1,311
许凤,1628 days,52,23204.496,0,2,3,023
许娜,1997 days,27,17544.912,4,1,2,412
许安,1646 days,18,7281.987999999999,0,0,0,000
许根基,1722 days,63,12045.292,2,3,1,231
许绅,1702 days,127,58891.798,2,4,4,244
许莞颖,1730 days,62,26265.652000000002,2,3,3,233
许辉,1851 days,28,6697.88,3,1,0,310
谈涛,1678 days,17,2097.396,1,0,0,100
谢丽雪,1704 days,46,27277.004999999997,2,2,3,223
谢君,1668 days,39,20012.496,1,1,2,112
谢斯云,1747 days,68,38145.828,3,3,4,334
谢聪,2032 days,38,30857.638,4,1,3,413
谢雯,1674 days,31,3998.456,1,1,0,110
谭临耀,1748 days,36,10427.9,3,1,1,311
谭乐,1669 days,43,15396.787,1,2,2,122
谭君,2022 days,27,12004.720000000001,4,1,1,411
谭忠,1696 days,26,9067.94,2,0,1,201
谭涛,2047 days,13,1204.672,4,0,0,400
谭珊,1632 days,87,52307.556,0,4,4,044
谭琼,1621 days,32,10465.028,0,1,1,011
谭立,1843 days,55,8588.384,3,3,0,330
谷莲,1740 days,41,30608.2,2,2,3,223
贺丹,2219 days,20,13162.576000000001,4,0,1,401
贺伟,1977 days,39,17174.528,4,1,2,412
贺兰,1808 days,43,15790.628,3,2,2,322
贺升,2102 days,49,33502.56,4,2,4,424
贺婉,1699 days,113,44715.636,2,4,4,244
贺婵,1671 days,46,23130.744,1,2,3,123
贺宁,1850 days,58,18589.396,3,3,2,332
贺平,1696 days,46,26928.048,2,2,3,223
贺恒,1671 days,62,25816.98,1,3,3,133
贺斯云,1640 days,83,44398.333,0,4,4,044
贺晨,1718 days,37,17030.72,2,1,2,212
贺立,1901 days,46,34567.988,4,2,4,424
贺绅,1622 days,18,4116.5599999999995,0,0,0,000
贺舟,1957 days,22,9371.544,4,0,1,401
贺荣,1729 days,16,4194.820000000001,2,0,0,200
贺虹,1776 days,87,41466.754,3,4,4,344
贺锦,1628 days,52,16030.84,0,2,2,022
贺鹏,1635 days,96,31788.582,0,4,3,043
贾丹,1634 days,44,27369.251,0,2,3,023
贾伟,1663 days,51,27837.376,1,2,3,123
贾保,2020 days,19,1987.3,4,0,0,400
贾君,1755 days,62,13393.884,3,3,1,331
贾嫒,1704 days,91,45494.848,2,4,4,244
贾廉,2072 days,30,6745.844,4,1,0,410
贾彩,1696 days,55,15571.416000000001,2,3,2,232
贾松,2464 days,26,7521.64,4,0,0,400
贾柏,1624 days,126,56020.384,0,4,4,044
贾芳茵,2198 days,10,2143.12,4,0,0,400
赖聪,1669 days,53,23963.968,1,3,3,133
赖芳茵,1816 days,37,26559.82,3,1,3,313
赖虎,1762 days,57,33719.308,3,3,4,334
赵升,2309 days,35,11087.531,4,1,1,411
赵婵,2051 days,39,20406.064,4,1,2,412
赵幂,1674 days,61,12850.488,1,3,1,131
赵强,1687 days,23,3203.8439999999996,1,0,0,100
赵德伟,1925 days,38,8072.792,4,1,0,410
赵盛,2047 days,26,11825.66,4,0,1,401
赵芳,1657 days,20,1529.22,1,0,0,100
邓保,1628 days,109,48892.144,0,4,4,044
邓姝,1733 days,69,26002.956000000002,2,4,3,243
邓实,1621 days,60,45160.22,0,3,4,034
邓康,1685 days,10,9956.24,1,0,1,101
邓惠,1646 days,148,62389.264,0,4,4,044
邓珊,1676 days,28,13479.788,1,1,1,111
邓秋,1732 days,27,7540.1759999999995,2,1,0,210
邓立,1656 days,42,12126.072,1,2,1,121
邓达侠,1731 days,71,29250.452,2,4,3,243
邓黎明,1853 days,20,4105.612,4,0,0,400
邢伟,1624 days,39,14144.101999999999,0,1,2,012
邢宁,1639 days,48,27391.616,0,2,3,023
邢德伟,1765 days,59,28525.196,3,3,3,333
邢柏,1643 days,67,12102.244,0,3,1,031
邢毅,1660 days,55,14090.524000000001,1,3,1,131
邢盛,1732 days,55,9095.1,2,3,1,231
邢立荣,1954 days,17,3291.0080000000003,4,0,0,400
邢良,2305 days,49,11804.828,4,2,1,421
邢谦,1642 days,42,15135.063999999998,0,2,2,022
邱丽,1751 days,42,19346.74,3,2,2,322
邱丽雪,1640 days,40,13426.168000000001,0,2,1,021
邱刚,1790 days,52,10952.172,3,2,1,321
邱升,1733 days,107,24029.964,2,4,3,243
邱博,1793 days,33,17690.624,3,1,2,312
邱廉,1677 days,60,18044.572,1,3,2,132
邱德,1655 days,45,13641.011999999999,1,2,1,121
邱明,1663 days,33,13520.724,1,1,1,111
邱栋,1635 days,16,1629.6,0,0,0,000
邱梦,1670 days,48,16541.84,1,2,2,122
邱秋,1793 days,34,22897.028,3,1,3,313
邱芯,1696 days,46,23456.916,2,2,3,223
邱荷,1703 days,31,2955.96,2,1,0,210
邱谦,1620 days,117,62712.384000000005,0,4,4,044
邵伟,1657 days,67,23716.868,1,3,3,133
邵兰,1624 days,77,28492.156000000003,0,4,3,043
邵娜,1661 days,95,45357.368,1,4,4,144
邵彩,2025 days,53,32012.316,4,3,3,433
邵杰,1687 days,19,8101.94,1,0,0,100
邵绅,1734 days,45,22039.752,2,2,3,223
邵鹏,1666 days,64,14522.872,1,3,2,132
邵黎明,1703 days,81,34822.228,2,4,4,244
邹丽雪,1685 days,46,28413.588,1,2,3,123
邹伟,1834 days,88,37696.624,3,4,4,344
邹凤,1653 days,75,12966.968,1,4,1,141
邹妮,1663 days,56,16330.047999999999,1,3,2,132
邹实,2076 days,11,9420.936,4,0,1,401
邹涛,1866 days,76,36750.959,4,4,4,444
邹雯,1666 days,23,15789.578000000001,1,0,2,102
郝升,1752 days,90,50041.768,3,4,4,344
郝壁,1747 days,51,18094.412,3,2,2,322
郝婷,1807 days,40,31399.536,3,2,3,323
郝廉,1760 days,94,34301.736,3,4,4,344
郝惠,1668 days,49,12735.716,1,2,1,121
郝柏,1640 days,63,22451.576,0,3,3,033
郝涛,2071 days,14,2596.44,4,0,0,400
郝立,1664 days,32,8762.796,1,1,0,110
郝立勤,1711 days,92,28240.688,2,4,3,243
郝绅,1662 days,34,26402.530000000002,1,1,3,113
郭冬露,1860 days,21,12983.32,4,0,1,401
郭刚,1771 days,81,36764.840000000004,3,4,4,344
郭升,1773 days,42,23580.703999999998,3,2,3,323
郭博,1725 days,40,17053.834,2,2,2,222
郭莲,1929 days,62,31700.564,4,3,3,433
金诚,1676 days,55,32246.452,1,3,3,133
钟丽,1643 days,38,20833.007999999998,0,1,2,012
钟伟,1701 days,14,6664.139999999999,2,0,0,200
钟宣,1755 days,77,27206.704,3,4,3,343
钟庆缘,1670 days,46,18187.12,1,2,2,122
钟忠,1726 days,19,3652.6560000000004,2,0,0,200
钟松,1652 days,39,8655.696,1,1,0,110
钟立,1632 days,64,29861.104,0,3,3,033
钟虹,2090 days,17,4564.644,4,0,0,400
钱伟,1726 days,54,16710.96,2,3,2,232
钱婵娟,1702 days,46,14006.58,2,2,1,221
钱宁,1639 days,66,33846.119999999995,0,3,4,034
钱崆,1814 days,33,8774.696,3,1,1,311
钱幂,1641 days,16,3150.336,0,0,0,000
钱涛,1639 days,35,21065.52,0,1,2,012
钱珊,1831 days,56,30117.948,3,3,3,333
钱珑,1744 days,62,25868.079999999998,2,3,3,233
陈丽雪,1709 days,57,34424.236,2,3,4,234
陈健,1652 days,68,20894.02,1,3,2,132
陈娟,1839 days,38,17822.364,3,1,2,312
陈婉,1768 days,31,15875.552,3,1,2,312
陈嫒,1676 days,50,9743.3,1,2,1,121
陈安,1624 days,26,7308.6720000000005,0,0,0,000
陈宣,1675 days,35,5890.5,1,1,0,110
陈忠,1732 days,36,24514.756,2,1,3,213
陈惠英,1699 days,54,51592.828,2,3,4,234
陈昌,1682 days,57,13815.732,1,3,1,131
陈晨,1622 days,88,47976.572,0,4,4,044
陈爽,1852 days,52,20212.332,3,2,2,322
陈磊,1830 days,54,16302.608,3,3,2,332
陈立,1741 days,18,1841.028,2,0,0,200
陈翠,1681 days,42,14470.96,1,2,2,122
陈荷,1995 days,23,9540.244,4,0,1,401
陈莲,1839 days,27,16048.34,3,1,2,312
陈虎,1879 days,27,2964.612,4,1,0,410
陈锦,1692 days,39,17576.58,2,1,2,212
陈霖,1850 days,47,15730.68,3,2,2,322
陶丽雪,2061 days,99,20247.416,4,4,2,442
陶博,1907 days,99,36774.248,4,4,4,444
陶巧,1715 days,52,26701.647,2,2,3,223
陶德伟,1747 days,55,25243.54,3,3,3,333
陶恒,1678 days,42,26231.408000000003,1,2,3,123
陶惠,1636 days,87,32845.876000000004,0,4,4,044
陶昌,1727 days,70,34698.216,2,4,4,244
陶武,1691 days,83,25682.048000000003,2,4,3,243
陶盛,1754 days,37,10283.392,3,1,1,311
陶磊,2227 days,18,7296.94,4,0,0,400
陶聪,1695 days,97,47077.996,2,4,4,244
陶莞颖,1636 days,70,25985.393,0,4,3,043
陶虢,1641 days,69,36232.644,0,4,4,044
雷木兰,1642 days,38,9671.256,0,1,1,011
雷菊,1621 days,65,39535.356,0,3,4,034
靳刚,2030 days,3,9015.72,4,0,1,401
韦华,1995 days,68,38810.296,4,3,4,434
韦君,1650 days,36,22180.9,0,1,3,013
韦实,1741 days,57,35412.762,2,3,4,234
韦松,1689 days,29,4003.216,2,1,0,210
韦磊,1998 days,51,13351.947,4,2,1,421
韦立,1751 days,41,13071.324,3,2,1,321
韦绅,1620 days,104,39925.48,0,4,4,044
韦诚,1960 days,65,32140.584,4,3,3,433
韦达侠,1743 days,87,61263.468,2,4,4,244
韦锦,1639 days,24,7524.3,0,0,0,000
韩丽华,1806 days,43,29601.145,3,2,3,323
韩凤,1769 days,32,38236.94,3,1,4,314
韩婵,1632 days,9,889.98,0,0,0,000
韩廉,1676 days,45,7888.86,1,2,0,120
韩杰,1705 days,30,6589.52,2,1,0,210
韩莞颖,1620 days,70,31670.183999999997,0,4,3,043
韩莲,1705 days,27,14548.800000000001,2,1,2,212
韩虎,1816 days,57,15450.778,3,3,2,332
顾丹,1653 days,49,17529.596,1,2,2,122
顾升,1629 days,92,23864.568,0,4,3,043
顾君,1852 days,81,33432.588,3,4,4,344
顾磊,1683 days,18,10111.556,1,0,1,101
顾莲,1671 days,50,18842.572,1,2,2,122
顾黎明,1800 days,43,19656.756,3,2,2,322
马丽,1638 days,48,12897.975999999999,0,2,1,021
马丽娜,1828 days,28,11460.54,3,1,1,311
马凤,1640 days,19,10681.44,0,0,1,001
马实,1907 days,29,7549.835999999999,4,1,0,410
马惠英,1626 days,80,51281.020000000004,0,4,4,044
马晨,1720 days,45,34474.916,2,2,4,224
马盛,1788 days,28,12544.756,3,1,1,311
马荣,1806 days,38,12005.336000000001,3,1,1,311
马莲,1694 days,24,15344.0,2,0,2,202
马锦,1899 days,40,13994.064,4,2,1,421
马雯,1998 days,17,13977.039999999999,4,0,1,401
高凤,2344 days,11,6132.28,4,0,0,400
麦实,1657 days,80,42067.508,1,4,4,144
麦平,2552 days,66,20246.156,4,3,2,432
麦德,1650 days,58,32529.728000000003,0,3,4,034
麦忠,1821 days,18,6682.004,3,0,0,300
麦磊,2086 days,30,5586.896,4,1,0,410
麦虢,1628 days,97,62036.702,0,4,4,044
麦虹,1621 days,64,22893.262,0,3,3,033
黄丽,1629 days,60,19397.56,0,3,2,032
黄娜,1724 days,76,13878.984,2,4,1,241
黄娟,1697 days,39,24105.564000000002,2,1,3,213
黄婷,1682 days,28,11411.652,1,1,1,111
黄岱,1686 days,42,14319.284,1,2,2,122
黄康,1684 days,38,10556.826,1,1,1,111
黄涛,1709 days,88,28001.260000000002,2,4,3,243
黄盛,1767 days,29,28217.868000000002,3,1,3,313
黄磊,1661 days,142,81751.6,1,4,4,144
黄芳,1702 days,31,9437.036,2,1,1,211
黄雯,2018 days,10,763.0,4,0,0,400
黎雯,1624 days,56,26197.22,0,3,3,033
龙娜,1621 days,38,26583.2,0,1,3,013
龙婷,1629 days,68,61513.76,0,3,4,034
龙廷,1892 days,40,8214.486,4,2,0,420
龙谦,1722 days,122,39044.334,2,4,4,244
龙锦,1635 days,74,19762.288,0,4,2,042
龚松,1657 days,83,37960.72,1,4,4,144
